{"Gamma": {"1": -1.2416385004670893, "2": -1.2140692504096942, "3": -0.26916749278570046}, "ROI_position": {"1": [223, 7, 147, 203], "2": [84, 341, 128, 168], "3": [7, 305, 127, 64]}, "Vessel_Type": {"1": "---", "2": "---", "3": "---"}, "Gamma_mark": {"1": [363, 11, 294, 213], "2": [207, 345, 147, 506], "3": [127, 309, 11, 341]}, "diameter_mark": {"1": [255, 96, 318, 112], "2": [100, 429, 159, 435], "3": [60, 321, 77, 355]}, "Status": {"1": "Unprocessed", "2": "Unprocessed", "3": "Unprocessed"}, "NumberROIs": 3, "file_Path": "D:/bio_project/fov1_uni_x5_fov4_surface_00001_2.tif", "im2show_path": "C:\\Users\\bar23\\Desktop\\python34\\final_new\\results\\fov1_uni_x5_fov4_surface_00001_2\\im2show.png", "filename": "fov1_uni_x5_fov4_surface_00001_2", "metadata_exists": true, "bidirectional": false, "frames_amount": 5000, "tau_line": 0.000126129, "dt": 0.06559, "dx": 0.04, "w2": 0.04000000000000001, "a2": 39.2701, "s": 1}